{
  "IcoMoonType": "selection",
  "icons": [
    {
      "icon": {
        "paths": [
          "M954.857 323.429q0 22.857-16 38.857l-491.429 491.429q-16 16-38.857 16t-38.857-16l-284.571-284.571q-16-16-16-38.857t16-38.857l77.714-77.714q16-16 38.857-16t38.857 16l168 168.571 374.857-375.429q16-16 38.857-16t38.857 16l77.714 77.714q16 16 16 38.857z"
        ],
        "width": 1024.0000610351562,
        "attrs": [],
        "isMulticolor": false,
        "tags": [
          "check"
        ],
        "defaultCode": 61452,
        "grid": 14
      },
      "attrs": [],
      "properties": {
        "id": 12,
        "order": 245,
        "name": "check",
        "prevSize": 28
      },
      "setIdx": 3,
      "setId": 3,
      "iconIdx": 12
    },
    {
      "icon": {
        "paths": [
          "M292.571 420.571v329.143q0 8-5.143 13.143t-13.143 5.143h-36.571q-8 0-13.143-5.143t-5.143-13.143v-329.143q0-8 5.143-13.143t13.143-5.143h36.571q8 0 13.143 5.143t5.143 13.143zM438.857 420.571v329.143q0 8-5.143 13.143t-13.143 5.143h-36.571q-8 0-13.143-5.143t-5.143-13.143v-329.143q0-8 5.143-13.143t13.143-5.143h36.571q8 0 13.143 5.143t5.143 13.143zM585.143 420.571v329.143q0 8-5.143 13.143t-13.143 5.143h-36.571q-8 0-13.143-5.143t-5.143-13.143v-329.143q0-8 5.143-13.143t13.143-5.143h36.571q8 0 13.143 5.143t5.143 13.143zM658.286 834.286v-541.714h-512v541.714q0 12.571 4 23.143t8.286 15.429 6 4.857h475.429q1.714 0 6-4.857t8.286-15.429 4-23.143zM274.286 219.429h256l-27.429-66.857q-4-5.143-9.714-6.286h-181.143q-5.714 1.143-9.714 6.286zM804.571 237.714v36.571q0 8-5.143 13.143t-13.143 5.143h-54.857v541.714q0 47.429-26.857 82t-64.571 34.571h-475.429q-37.714 0-64.571-33.429t-26.857-80.857v-544h-54.857q-8 0-13.143-5.143t-5.143-13.143v-36.571q0-8 5.143-13.143t13.143-5.143h176.571l40-95.429q8.571-21.143 30.857-36t45.143-14.857h182.857q22.857 0 45.143 14.857t30.857 36l40 95.429h176.571q8 0 13.143 5.143t5.143 13.143z"
        ],
        "width": 804.5710134506226,
        "attrs": [],
        "isMulticolor": false,
        "tags": [
          "trash-o"
        ],
        "defaultCode": 61460,
        "grid": 14
      },
      "attrs": [],
      "properties": {
        "id": 19,
        "order": 244,
        "name": "trash-o",
        "prevSize": 28
      },
      "setIdx": 3,
      "setId": 3,
      "iconIdx": 19
    },
    {
      "icon": {
        "paths": [
          "M804.571 420.571v109.714q0 22.857-16 38.857t-38.857 16h-237.714v237.714q0 22.857-16 38.857t-38.857 16h-109.714q-22.857 0-38.857-16t-16-38.857v-237.714h-237.714q-22.857 0-38.857-16t-16-38.857v-109.714q0-22.857 16-38.857t38.857-16h237.714v-237.714q0-22.857 16-38.857t38.857-16h109.714q22.857 0 38.857 16t16 38.857v237.714h237.714q22.857 0 38.857 16t16 38.857z"
        ],
        "width": 804.5719833374023,
        "attrs": [],
        "isMulticolor": false,
        "tags": [
          "plus"
        ],
        "defaultCode": 61543,
        "grid": 14
      },
      "attrs": [],
      "properties": {
        "id": 97,
        "order": 246,
        "name": "plus",
        "prevSize": 28
      },
      "setIdx": 3,
      "setId": 3,
      "iconIdx": 97
    },
    {
      "icon": {
        "paths": [
          "M950.857 340.571q0-46.286-12.286-81.714t-31.429-56.286-46.571-34-53.714-17.714-56-4.571-64 14.571-63.143 36.571-49.429 41.143-34.286 35.143q-10.286 12.571-28 12.571t-28-12.571q-13.714-16-34.286-35.143t-49.429-41.143-63.143-36.571-64-14.571-56 4.571-53.714 17.714-46.571 34-31.429 56.286-12.286 81.714q0 96 106.857 202.857l332 320 331.429-319.429q107.429-107.429 107.429-203.429zM1024 340.571q0 126.286-130.857 257.143l-356 342.857q-10.286 10.286-25.143 10.286t-25.143-10.286l-356.571-344q-5.714-4.571-15.714-14.857t-31.714-37.429-38.857-55.714-30.571-69.143-13.429-78.857q0-125.714 72.571-196.571t200.571-70.857q35.429 0 72.286 12.286t68.571 33.143 54.571 39.143 43.429 38.857q20.571-20.571 43.429-38.857t54.571-39.143 68.571-33.143 72.286-12.286q128 0 200.571 70.857t72.571 196.571z"
        ],
        "width": 1024.0010013580322,
        "attrs": [],
        "isMulticolor": false,
        "tags": [
          "heart-o"
        ],
        "defaultCode": 61578,
        "grid": 14
      },
      "attrs": [],
      "properties": {
        "id": 130,
        "order": 239,
        "name": "heart-o",
        "prevSize": 28
      },
      "setIdx": 3,
      "setId": 3,
      "iconIdx": 130
    }
  ],
  "height": 1024,
  "preferences": {
    "showGlyphs": true,
    "showCodes": true,
    "showQuickUse": true,
    "showQuickUse2": true,
    "showSVGs": true,
    "fontPref": {
      "prefix": "icon-",
      "metadata": {
        "fontFamily": "icomoon",
        "majorVersion": 1,
        "minorVersion": 0
      },
      "metrics": {
        "emSize": 1024,
        "baseline": 6.25,
        "whitespace": 50
      },
      "embed": false
    },
    "imagePref": {
      "prefix": "icon-",
      "png": false,
      "useClassSelector": true,
      "color": 0,
      "bgColor": 16777215,
      "classSelector": ".icon",
      "height": 20,
      "columns": 16,
      "margin": 16,
      "overrideSize": true,
      "sprite": true
    },
    "historySize": 100,
    "gridSize": 16
  }
}